{"cameraMode":{"drawMode":0,"name":"Shaded","section":"Shading Mode"},"sceneLighting":false,"audioPlay":false,"sceneViewState":{"showFog":true,"showMaterialUpdate":true,"showSkybox":true,"showFlares":true,"showImageEffects":true,"showParticleSystems":true},"in2DMode":false,"pivot":{"x":13.399999618530274,"y":-13.130000114440918,"z":4.360000133514404},"rotation":{"x":0.019008971750736238,"y":-0.4510031044483185,"z":0.009624192491173745,"w":0.8922680616378784},"size":22.0,"orthographic":false}