{"cameraMode":{"drawMode":0,"name":"Shaded","section":"Shading Mode"},"sceneLighting":true,"audioPlay":false,"sceneViewState":{"showFog":true,"showMaterialUpdate":true,"showSkybox":true,"showFlares":true,"showImageEffects":true,"showParticleSystems":true},"in2DMode":false,"pivot":{"x":0.06999993324279785,"y":1.365403175354004,"z":5.100000381469727},"rotation":{"x":-0.025502637028694154,"y":-0.9286709427833557,"z":0.3642711341381073,"w":-0.06501168757677078},"size":6.693518161773682,"orthographic":false}