{"cameraMode":{"drawMode":0,"name":"Shaded","section":"Shading Mode"},"sceneLighting":false,"audioPlay":false,"sceneViewState":{"showFog":true,"showMaterialUpdate":true,"showSkybox":true,"showFlares":true,"showImageEffects":true,"showParticleSystems":true},"in2DMode":false,"pivot":{"x":0.0,"y":1.2554030418395997,"z":5.960464477539063e-8},"rotation":{"x":0.7041434049606323,"y":0.02448003925383091,"z":-0.02429378032684326,"w":0.709219753742218},"size":6.693518161773682,"orthographic":false}