{"cameraMode":{"drawMode":0,"name":"Shaded","section":"Shading Mode"},"sceneLighting":false,"audioPlay":false,"sceneViewState":{"showFog":true,"showMaterialUpdate":true,"showSkybox":true,"showFlares":true,"showImageEffects":true,"showParticleSystems":true},"in2DMode":false,"pivot":{"x":18.399999618530275,"y":6.550000190734863,"z":4.360000133514404},"rotation":{"x":-0.04615892097353935,"y":0.8715028762817383,"z":-0.48099085688591006,"w":-0.08366579562425614},"size":12.660858154296875,"orthographic":false}